X,Y,FID,LabelName,OpsName,Type,StreetNum,RoadName,RoadType,RoadSuffix,CampusCode,LGAName,LocalityNa,Postcode,VicgovRegi,State,ServiceNam
144.9833987,-37.80968063,1,East Melbourne Specialist Day Hospital,EAST MELBOURNE DAY HOSPITAL,PRIVATE,23,CLARENDON,STREET, ,8280,MELBOURNE, ,3002,NWMR,VIC, 
145.1493,-37.9514,2,Windsor Avenue Day Surgery,WINDSOR AVENUE DAY SURGERY,PRIVATE,17,WINDSOR,AVENUE, ,7050,GREATER DANDENONG, ,3171,SMR,VIC, 
145.3446527,-38.03458049,3,Hyperbaric Health Wound Centre Berwick,HYPERBARIC HEALTH - BERWICK,PRIVATE,3,GIBB,STREET, ,7100,CASEY, ,3806,SMR,VIC, 
143.8322861,-37.54055256,4,Ballarat Day Procedure Centre,BALLARAT DAY PROCEDURE CENTRE,PRIVATE,1117-1123,HOWITT,STREET, ,8430,BALLARAT, ,3355,Gram,VIC, 
145.1433793,-38.14818863,5,Bayside Day Procedure and Specialist Centre,BAYSIDE DAY PROCEDURE CENTRE,PRIVATE,141,CRANBOURNE,ROAD, ,7310,FRANKSTON, ,3199,SMR,VIC, 
144.2615,-36.7619,6,Bendigo Day Surgery,BENDIGO DAY SURGERY,PRIVATE,1-Jul,CHUM,STREET, ,8950,GREATER BENDIGO, ,3555,LMR,VIC, 
145.0412331,-37.92012465,7,Bentleigh Surgicentre,SURGICENTRE - BENTLEIGH,PRIVATE,157,JASPER,ROAD, ,8940,GLEN EIRA, ,3204,SMR,VIC, 
145.3465186,-38.03349627,8,Berwick Surgicentre,SURGICENTRE AND EYE -BERWICK,PRIVATE,22,LANGMORE,LANE, ,6240,CASEY, ,3806,SMR,VIC, 
144.9918171,-37.91255965,9,Brighton Plastic Surgery Centre,BRIGHTON PLASTIC SURGERY,PRIVATE,206,NEW,STREET, ,8980,BAYSIDE, ,3186,SMR,VIC, 
145.0618787,-37.69257276,10,Victorian Gut Centre,BUNDOORA ENDOSCOPY CENTRE,PRIVATE,119,PLENTY,ROAD, ,7580,WHITTLESEA, ,3083,NWMR,VIC, 
145.0568024,-37.96046698,11,Chesterville Day Hospital,CHESTERVILLE DAY HOSPITAL,PRIVATE,28,CHESTERVILLE,ROAD, ,7850,KINGSTON, ,3192,SMR,VIC, 
144.9647711,-37.7450167,12,Coburg Endoscopy Centre,COBURG ENDOSCOPY CENTRE,PRIVATE,15,MUNRO,STREET, ,8530,MORELAND, ,3058,NWMR,VIC, 
145.2233009,-37.97424741,13,Dandenong Eye Clinic & Day Surgery Centre,DANDENONG DAY SURGERY CENTRE,PRIVATE,1-Mar,FALKINER,CRESCENT, ,7770,GREATER DANDENONG, ,3175,SMR,VIC, 
145.0175764,-37.78110112,14,Darebin Endoscopy Services,DAREBIN ENDOSCOPY SERVICES,PRIVATE,42,STATION,STREET, ,7510,DAREBIN, ,3078,NWMR,VIC, 
145.1075879,-37.70532861,15,Diaverum Diamond Valley Dialysis Clinic,DIAVERUM - DIAMOND VALLEY,PRIVATE,15,GRIMSHAW,STREET, ,7380,BANYULE, ,3088,NWMR,VIC, 
144.9399083,-37.78867873,16,Diaverum North Melbourne Dialysis Clinic,DIAVERUM - NORTH MELBOURNE,PRIVATE,185,BOUNDARY,ROAD, ,6390,MELBOURNE, ,3051,NWMR,VIC, 
145.2275022,-37.81978389,17,Eastside Endoscopy Centre,EASTSIDE ENDOSCOPY CENTRE,PRIVATE,33,WANTIRNA,ROAD, ,7360,MAROONDAH, ,3134,EMR,VIC, 
144.9236382,-37.76579341,18,Essendon Private Clinic,ESSENDON DAY PROCEDURE CENTRE,PRIVATE,665,MOUNT ALEXANDER,ROAD, ,6180,MOONEE VALLEY, ,3039,NWMR,VIC, 
145.0192142,-37.90043471,19,Glen Eira Day Surgery,GLEN EIRA DAY SURGERY,PRIVATE,544,HAWTHORN,ROAD, ,8460,GLEN EIRA, ,3162,SMR,VIC, 
145.0940256,-37.85808926,20,Glen Iris Private,GLEN IRIS PRIVATE,PRIVATE,314,WARRIGAL,ROAD, ,8900,BOROONDARA, ,3146,EMR,VIC, 
145.0601726,-37.73049186,21,Heidelberg Endoscopy and Day Surgery Centre,HEIDELBERG ENDOSCOPY CENTRE,PRIVATE,177-179,NORTHERN,ROAD, ,7400,BANYULE, ,3081,NWMR,VIC, 
144.8284825,-37.86964791,22,Altona Endoscopy Centre,HOBSONS BAY ENDO - ALTONA,PRIVATE,3-May,SARGOOD,STREET, ,8270,HOBSONS BAY, ,3018,NWMR,VIC, 
144.6867,-37.8905,23,Werribee Endoscopy Centre,HOBSONS BAY ENDO - WERRIBEE,PRIVATE,179,PRINCES,HIGHWAY, ,7830,WYNDHAM, ,3030,NWMR,VIC, 
145.0449,-37.767,24,Ivanhoe Endoscopy Centre,IVANHOE ENDOSCOPY CENTRE,PRIVATE,226,UPPER HEIDELBERG,ROAD, ,6410,BANYULE, ,3079,NWMR,VIC, 
144.9786716,-37.81676535,25,Jolimont Endoscopy Centre,JOLIMONT ENDOSCOPY CENTRE,PRIVATE,201,WELLINGTON,PARADE,S,7970,MELBOURNE, ,3002,NWMR,VIC, 
145.0305,-37.8515,26,Malvern Dialysis Clinic,MALVERN DIALYSIS CLINIC,PRIVATE,1133,MALVERN,ROAD, ,8960,STONNINGTON, ,3144,SMR,VIC, 
145.1152,-37.7731,27,Manningham Day Procedure Centre,MANNINGHAM DAY CENTRE,PRIVATE,503/200,HIGH,STREET, ,7140,MANNINGHAM, ,3107,EMR,VIC, 
145.0304,-37.8878,28,Melbourne Day Surgery Centre,MELBOURNE DAY SURGERY CENTRE,PRIVATE,961,GLEN HUNTLY,ROAD, ,6990,GLEN EIRA, ,3162,SMR,VIC, 
144.9791,-37.8446,29,Melbourne Endoscopy,MELBOURNE ENDOSCOPY CENTRE,PRIVATE,517,ST KILDA,ROAD, ,6960,MELBOURNE, ,3004,NWMR,VIC, 
144.3632152,-38.15107303,30,Monash IVF Geelong,MONASH IVF GEELONG,PRIVATE,73-79,LITTLE RYRIE,STREET, ,8200,GREATER GEELONG, ,3220,BSW,VIC, 
145.1897,-37.9671,31,Noble Park Endoscopy Centre,NOBLE PARK ENDOSCOPY CENTRE,PRIVATE,1304,HEATHERTON,ROAD, ,6680,GREATER DANDENONG, ,3174,SMR,VIC, 
144.9093796,-37.77115427,32,Northwest Day Hospital,NORTHWEST DAY HOSPITAL,PRIVATE,221,MARIBYRNONG,ROAD, ,8850,MOONEE VALLEY, ,3032,NWMR,VIC, 
144.9981,-37.7176,33,Reservoir Private Hospital Day Procedure Centre,RESERVOIR DAY PROCEDURE CENTRE,PRIVATE,73-75,PINE,STREET, ,6610,DAREBIN, ,3073,NWMR,VIC, 
144.8836475,-38.36183865,34,Rosebud SurgiCentre,SURGICENTRE - ROSEBUD,PRIVATE,1537,POINT NEPEAN,ROAD, ,7730,MORNINGTON PENINSULA, ,3940,SMR,VIC, 
144.941,-37.8145,35,Specialist Surgicentre Docklands,SPECIALIST DOCKLANDS,PRIVATE,22,RAKAIA,WAY, ,7950,MELBOURNE, ,3008,NWMR,VIC, 
145.1496,-37.9495,36,Springvale Endoscopy Centre and Day Hospital,SPRINGVALE ENDOSCOPY,PRIVATE,20,BALMORAL,AVENUE, ,6900,GREATER DANDENONG, ,3171,SMR,VIC, 
144.7794,-37.744,37,St Albans Endoscopy Centre,ST ALBANS ENDOSCOPY CENTRE,PRIVATE,328-330,STATION,ROAD, ,7171,BRIMBANK, ,3021,NWMR,VIC, 
144.9822,-37.8731,38,St Kilda Day Hospital,ST KILDA DAY HOSPITAL,PRIVATE,26A,DICKENS,STREET, ,7120,PORT PHILLIP, ,3184,SMR,VIC, 
145.0393988,-37.86365343,39,Stonnington Day Surgery,STONNINGTON DAY SURGERY,PRIVATE,253,WATTLETREE,ROAD, ,7260,STONNINGTON, ,3144,SMR,VIC, 
145.0178298,-37.87021315,40,Precision Ascend Rehabilitation Centre,BAYSIDE SURGERY CENTRE,PRIVATE,73,KOOYONG,ROAD, ,7180,GLEN EIRA, ,3161,SMR,VIC, 
145.216202,-37.97733019,41,The Digestive Health Centre,THE DIGESTIVE HEALTH CENTRE,PRIVATE,90,DAVID,STREET, ,7780,GREATER DANDENONG, ,3175,SMR,VIC, 
145.165181,-37.8846424,42,The Glen Endoscopy Centre,THE GLEN ENDOSCOPY CENTRE,PRIVATE,302,SPRINGVALE,ROAD, ,8340,MONASH, ,3150,EMR,VIC, 
145.0282824,-37.86396884,43,Toorak - Malvern Day Surgery Centre,TOORAK - MALVERN DAY SURGERY,PRIVATE,30-32,GLENFERRIE,ROAD, ,7680,STONNINGTON, ,3144,SMR,VIC, 
145.008,-37.8414,44,Toorak Cosmetic Surgery Day Centre,TOORAK COSMETIC SURGERY,PRIVATE,109,MATHOURA,ROAD, ,6270,STONNINGTON, ,3142,SMR,VIC, 
145.0555,-37.8325,45,Vision Day Surgery Camberwell,VISION DAY SURGERY CAMBERWELL,PRIVATE,25-27,DENMARK HILL,ROAD, ,7750,BOROONDARA, ,3123,EMR,VIC, 
145.1195514,-37.81769263,46,Vision Day Surgery Eastern,VISION DAY SURGERY EASTERN,PRIVATE,852,WHITEHORSE,ROAD, ,7040,WHITEHORSE, ,3128,EMR,VIC, 
144.9803,-37.8506,47,Vision Laser St Kilda Road,VISION LASER ST KILDA ROAD,PRIVATE,600-602,ST KILDA,ROAD, ,7010,PORT PHILLIP, ,3004,SMR,VIC, 
145.1466179,-37.88034991,48,Waverley Endoscopy,WAVERLEY ENDOSCOPY,PRIVATE,301,BLACKBURN,ROAD, ,7880,MONASH, ,3149,EMR,VIC, 
144.6797482,-37.87748548,49,Westpoint Endoscopy Day Hospital,WESTPOINT ENDOSCOPY HOSPITAL,PRIVATE,243,HEATHS,ROAD, ,7540,WYNDHAM, ,3030,NWMR,VIC, 
144.8162628,-37.76103061,50,Sunshine Private Day Surgery,WESTERN DAY SURGERY,PRIVATE,145,FURLONG,ROAD, ,8870,BRIMBANK, ,3021,NWMR,VIC, 
144.8853872,-37.79198064,51,Western Gastroenterology Services,WESTERN GASTROENTEROLOGY,PRIVATE,30,ELEANOR,STREET, ,8210,MARIBYRNONG, ,3011,NWMR,VIC, 
144.7496,-37.5798,52,Goonawarra Day Hospital,GOONAWARRA DAY HOSPITAL,PRIVATE,11,DORNOCH,DRIVE, ,7250,HUME, ,3429,NWMR,VIC, 
144.9837,-37.8251,53,Imaging@Olympic Park,OLYMPIC PARK IMAGING,PRIVATE,60,OLYMPIC,BOULEVARD, ,8260,MELBOURNE, ,3004,NWMR,VIC, 
144.7586258,-37.69335073,54,Sydenham Day Surgery,HOBSONS BAY ENDO - SYDENHAM,PRIVATE,566,MELTON,HIGHWAY, ,8290,BRIMBANK, ,3037,NWMR,VIC, 
144.9980639,-37.85608534,55,Windsor Private Hospital,WINDSOR PRIVATE HOSPITAL,PRIVATE,20-22,THE AVENUE, , ,8840,STONNINGTON, ,3181,SMR,VIC, 
145.0496165,-38.22543417,56,Beleura Private Hospital,BELEURA PRIVATE HOSPITAL,PRIVATE,925,NEPEAN,HIGHWAY, ,6500,MORNINGTON PENINSULA, ,3931,SMR,VIC, 
145.1552726,-37.83284916,57,Bellbird Private Hospital,BELLBIRD PRIVATE HOSPITAL,PRIVATE,198,CANTERBURY,ROAD, ,6650,WHITEHORSE, ,3130,EMR,VIC, 
144.9717073,-37.75648198,58,Brunswick Private Hospital,BRUNSWICK PRIVATE HOSPITAL,PRIVATE,82,MORELAND,ROAD, ,6220,MORELAND, ,3056,NWMR,VIC, 
144.9875479,-37.81566205,59,Epworth Cliveden,EPWORTH HOSPITAL - CLIVEDEN,PRIVATE,29-37,SIMPSON,STREET, ,6730,MELBOURNE, ,3002,NWMR,VIC, 
145.0728365,-37.99062262,60,Como Private Hospital,COMO PRIVATE HOSPITAL,PRIVATE,152-156,COMO,PARADE,W,7740,KINGSTON, ,3195,SMR,VIC, 
145.0483,-37.8087,61,Cotham Private Hospital,COTHAM PRIVATE HOSPITAL,PRIVATE,209,COTHAM,ROAD, ,6920,BOROONDARA, ,3101,EMR,VIC, 
145.0942,-37.8573,62,Delmont Private Hospital,DELMONT PRIVATE HOSPITAL,PRIVATE,298-308,WARRIGAL,ROAD, ,8090,BOROONDARA, ,3146,EMR,VIC, 
145.1714915,-37.78999405,63,Donvale Rehabilitation Hospital,DONVALE REHAB HOSPITAL,PRIVATE,1119-1121,DONCASTER,ROAD, ,7110,MANNINGHAM, ,3109,EMR,VIC, 
144.9474001,-37.7232293,64,Dorset Rehabilitation Centre,DORSET REHAB CENTRE,PRIVATE,146,DERBY,STREET, ,6810,MORELAND, ,3044,NWMR,VIC, 
144.9841,-37.8107,65,Epworth Freemasons,EPWORTH HOSPITAL - FREEMASONS,PRIVATE,166,CLARENDON,STREET, ,6470,MELBOURNE, ,3002,NWMR,VIC, 
144.9928716,-37.81765919,66,Epworth Richmond,EPWORTH HOSPITAL - RICHMOND,PRIVATE,89,BRIDGE,ROAD, ,6490,YARRA, ,3121,NWMR,VIC, 
145.0025924,-37.91368926,67,Epworth Rehabilitation Brighton,EPWORTH REHAB - BRIGHTON,PRIVATE,85-93,WILSON,STREET, ,6830,BAYSIDE, ,3186,SMR,VIC, 
145.0546326,-37.84594303,68,Epworth Rehabilitation Camberwell,EPWORTH REHAB - CAMBERWELL,PRIVATE,888,TOORAK,ROAD, ,6710,BOROONDARA, ,3124,EMR,VIC, 
144.9547628,-37.79895826,69,Frances Perry House,FRANCES PERRY HOUSE,PRIVATE,20,FLEMINGTON,ROAD, ,7720,MELBOURNE, ,3052,NWMR,VIC, 
144.364398,-38.15103532,70,Geelong Private Hospital,GEELONG PRIVATE HOSPITAL,PRIVATE,56-58,BELLERINE,STREET, ,7960,GREATER GEELONG, ,3220,BSW,VIC, 
145.0309157,-37.81934502,71,Glenferrie Private Hospital,GLENFERRIE PRIVATE HOSPITAL,PRIVATE,29,HILDA,CRESCENT, ,8800,BOROONDARA, ,3122,EMR,VIC, 
145.1208373,-37.92086339,72,Jessie McPherson Private Hospital,JESSIE MCPHERSON HOSPITAL,PRIVATE,246,CLAYTON,ROAD, ,8890,MONASH, ,3168,EMR,VIC, 
144.9583,-37.7546,73,John Fawkner Private Hospital,JOHN FAWKNER PRIVATE HOSPITAL,PRIVATE,275,MORELAND,ROAD, ,8550,MORELAND, ,3058,NWMR,VIC, 
145.2276951,-37.84890356,74,Knox Private Hospital,KNOX PRIVATE HOSPITAL,PRIVATE,262,MOUNTAIN,HIGHWAY, ,6400,KNOX, ,3152,EMR,VIC, 
145.00373,-37.94243117,75,Linacre Private Hospital,LINACRE PRIVATE HOSPITAL,PRIVATE,Dec-16,LINACRE,ROAD, ,6880,BAYSIDE, ,3188,SMR,VIC, 
145.0811181,-37.82745243,76,Linley Clinic,LINLEY CLINIC,PRIVATE,25,BRYSON,STREET, ,6250,BOROONDARA, ,3126,EMR,VIC, 
145.0608,-37.8671,77,Malvern Private Hospital,MALVERN PRIVATE HOSPITAL,PRIVATE,3-Sep,WILTON VALE,CRESCENT, ,6420,STONNINGTON, ,3145,SMR,VIC, 
146.4187,-38.2151,78,Maryvale Private Hospital,MARYVALE PRIVATE HOSPITAL,PRIVATE,286,MARYVALE,ROAD, ,7090,LATROBE, ,3840,Gipp,VIC, 
145.0031,-37.8698,79,Masada Private Hospital,MASADA PRIVATE HOSPITAL,PRIVATE,24-48,BALACLAVA,ROAD, ,7910,GLEN EIRA, ,3183,SMR,VIC, 
142.1453,-34.1848,80,Mildura Health Private Hospital,MILDURA PRIVATE HOSPITAL,PRIVATE,220-228,THIRTEENTH,STREET, ,7930,MILDURA, ,3500,LMR,VIC, 
145.1942966,-37.81048049,81,Mitcham Private Hospital,MITCHAM PRIVATE HOSPITAL,PRIVATE,25-27,DONCASTER EAST,ROAD, ,8440,WHITEHORSE, ,3132,EMR,VIC, 
145.1206,-37.9218,82,Monash Surgical Private Hospital,MONASH SURGICAL HOSPITAL,PRIVATE,252-256,CLAYTON,ROAD, ,6320,MONASH, ,3168,EMR,VIC, 
146.8761,-36.1386,83,Murray Valley Private Hospital,MURRAY VALLEY PRIVATE HOSPITAL,PRIVATE,Feb-69,NORDSVAN,DRIVE, ,6570,WODONGA, ,3690,HUME,VIC, 
145.0312,-37.7634,84,North Eastern Rehabilitation Centre,NORTH EASTERN REHAB CENTRE,PRIVATE,134-146,FORD,STREET, ,7070,BANYULE, ,3079,NWMR,VIC, 
145.0619,-37.6913,85,Northpark Private Hospital,NORTHPARK PRIVATE HOSPITAL,PRIVATE,10,GREENHILLS,ROAD, ,7390,WHITTLESEA, ,3083,NWMR,VIC, 
145.1701086,-38.15780753,86,Peninsula Private Hospital,PENINSULA PRIVATE HOSPITAL,PRIVATE,525,MCCLELLAND,DRIVE, ,6790,FRANKSTON, ,3910,SMR,VIC, 
145.2439,-37.8114,87,Ringwood Private Hospital,RINGWOOD PRIVATE HOSPITAL,PRIVATE,36,MT DANDENONG,ROAD, ,7810,MAROONDAH, ,3135,EMR,VIC, 
145.4108,-36.3593,88,Shepparton Private Hospital,SHEPPARTON PRIVATE HOSPITAL,PRIVATE,20,FITZGERALD,STREET, ,7840,GREATER SHEPPARTON, ,3630,HUME,VIC, 
145.1217,-37.9184,89,Sir John Monash Private Hospital,SIR JOHN MONASH HOSPITAL,PRIVATE,212-220,CLAYTON,ROAD, ,6930,MONASH, ,3168,EMR,VIC, 
145.1925,-37.9657,90,South Eastern Private Hospital,SOUTH EASTERN PRIVATE HOSPITAL,PRIVATE,313-329,PRINCES,HIGHWAY, ,7350,GREATER DANDENONG, ,3174,SMR,VIC, 
145.2133,-37.97,91,St John of God Pinelodge Clinic,ST JOHN OF GOD - PINELODGE,PRIVATE,1480-1486,HEATHERTON,ROAD, ,6780,GREATER DANDENONG, ,3175,SMR,VIC, 
144.9844614,-37.81192888,92,St Vincent's Private Hospital East Melbourne,ST VINCENTS PRIVATE HOSPITAL - EAST MLB,PRIVATE,159,GREY,STREET, ,6450,MELBOURNE, ,3002,NWMR,VIC, 
144.9760382,-37.80785473,93,St Vincent's Private Hospital Fitzroy,ST VINCENTS PRIVATE HOSPITAL - FITZROY,PRIVATE,59-61,VICTORIA,PARADE, ,6620,YARRA, ,3065,NWMR,VIC, 
144.9721367,-37.834298,94,Albert Road Clinic,ALBERT ROAD CLINIC,PRIVATE,31-33,ALBERT,ROAD, ,6950,PORT PHILLIP, ,3004,SMR,VIC, 
145.0413634,-38.22296983,95,The Bays Hospital - Mornington,THE BAYS PRIVATE HOSPITAL,PRIVATE,4,VALE,STREET, ,6291,MORNINGTON PENINSULA, ,3931,SMR,VIC, 
144.3932,-38.182,96,The Geelong Clinic,GEELONG CLINIC,PRIVATE,94-102,TOWNSEND,ROAD, ,6530,GREATER GEELONG, ,3219,BSW,VIC, 
145.0445003,-37.71653676,97,Hyperbaric Health Wound Centre Bundoora,HYPERBARIC HEALTH BUNDOORA,PRIVATE,920,PLENTY,ROAD, ,7340,DAREBIN, ,3083,NWMR,VIC, 
145.1942034,-37.8113383,98,Mitcham Private Hospital,MITCHAM PRIVATE HOSPITAL,PRIVATE,36,DONCASTER EAST,ROAD, ,8440,WHITEHORSE, ,3132,EMR,VIC, 
145.0078355,-37.74680419,99,Panch Day Surgery Centre,PANCH DAY SURGERY CENTRE,PRIVATE,84-90,HOTHAM,STREET, ,8320,DAREBIN, ,3072,NWMR,VIC, 
145.3452878,-38.04527898,100,Casey Radiation Oncology Centre,CASEY RADIATION ONCOLOGY CENTRE,PRIVATE,Feb-55,KANGAN,DRIVE, ,8250,CASEY, ,3806,SMR,VIC, 
145.2683,-37.8555,101,The Melbourne Eastern Private Hospital,MELBOURNE EASTERN HOSPITAL,PRIVATE,153-159,SCORESBY,ROAD, ,6970,KNOX, ,3155,EMR,VIC, 
145.2131,-37.9388,102,The Valley Private Hospital,VALLEY PRIVATE HOSPITAL,PRIVATE,535-559,POLICE,ROAD, ,6200,MONASH, ,3170,EMR,VIC, 
144.9972,-37.8481,103,The Victoria Clinic,VICTORIA CLINIC,PRIVATE,320-324,MALVERN,ROAD, ,6230,STONNINGTON, ,3181,SMR,VIC, 
145.1621446,-37.89837421,104,The Victorian Rehabilitation Centre,VICTORIAN REHAB CENTRE,PRIVATE,499,SPRINGVALE,ROAD, ,7870,MONASH, ,3150,EMR,VIC, 
145.024,-37.8065,105,St Vincent's Private Hospital Kew,ST VINCENTS PRIVATE HOSPITAL - KEW,PRIVATE,5,STUDLEY,AVENUE, ,6890,BOROONDARA, ,3101,EMR,VIC, 
146.3122,-36.3492,106,Wangaratta Private Hospital,WANGARATTA PRIVATE HOSPITAL,PRIVATE,134-150,TEMPLETON,STREET, ,6750,WANGARATTA, ,3677,HUME,VIC, 
145.0603,-37.7551,107,Warringal Private Hospital,WARRINGAL PRIVATE HOSPITAL,PRIVATE,216,BURGUNDY,STREET, ,6910,BANYULE, ,3084,NWMR,VIC, 
145.1457,-37.8847,108,Waverley Private Hospital,WAVERLEY PRIVATE HOSPITAL,PRIVATE,343-357,BLACKBURN,ROAD, ,6600,MONASH, ,3149,EMR,VIC, 
144.885643,-37.79305693,109,Western Private Hospital,WESTERN PRIVATE HOSPITAL,PRIVATE,1-Sep,MARION,STREET, ,6800,MARIBYRNONG, ,3011,NWMR,VIC, 
145.0228541,-37.82130969,110,Epworth Hawthorn,EPWORTH HOSPITAL - HAWTHORN,PRIVATE,46-52,BURWOOD,ROAD, ,6720,BOROONDARA, ,3122,EMR,VIC, 
145.0079376,-37.90656151,111,Mandometer Brighton,MANDOMETER BRIGHTON,PRIVATE,412-414,BAY,STREET, ,6060,BAYSIDE, ,3186,SMR,VIC, 
144.9749984,-37.80848966,112,Victoria Parade Surgery Centre,VICTORIA PARADE SURGERY,PRIVATE,100,VICTORIA,PARADE, ,8860,MELBOURNE, ,3002,NWMR,VIC, 
145.0366573,-37.93305221,113,Bayside Endoscopy Day Hospital,BAYSIDE ENDOSCOPY DAY HOSPITAL,PRIVATE,437-441,SOUTH,ROAD, ,6690,GLEN EIRA, ,3204,SMR,VIC, 
145.2629574,-37.84189678,114,Bayswater Day Procedure and Specialist Centre,BAYSWATER DAY PROCEDURE CENTRE,PRIVATE,664,MOUNTAIN,HIGHWAY, ,8190,KNOX, ,3153,EMR,VIC, 
145.2169102,-37.97723278,115,Corymbia House Day Hospital,CORYMBIA HOUSE,PRIVATE,92-94,DAVID,STREET, ,7890,GREATER DANDENONG, ,3175,SMR,VIC, 
144.9863067,-37.81630143,116,East Melbourne Day Procedure Centre,EAST MELBOURNE DAY CENTRE,PRIVATE,114-116,WELLINGTON,PARADE, ,7160,MELBOURNE, ,3002,NWMR,VIC, 
145.1331,-38.1544,117,Frankston Private Hospital,FRANKSTON PRIVATE HOSPITAL,PRIVATE,26,FRANKSTON-FLINDERS,ROAD, ,7900,FRANKSTON, ,3199,SMR,VIC, 
145.0624,-37.7944,118,Kew Endoscopy,KEW ENDOSCOPY CENTRE,PRIVATE,828,HIGH,STREET, ,7020,BOROONDARA, ,3102,EMR,VIC, 
145.0077,-37.8602,119,Marie Stopes International East St Kilda,MARIE STOPES - ST KILDA EAST,PRIVATE,338,DANDENONG,ROAD, ,6430,PORT PHILLIP, ,3183,SMR,VIC, 
145.1202,-37.9214,120,Melbourne Endoscopy Monash Day Procedure Centre,MELBOURNE ENDOSCOPY MONASH,PRIVATE,277-279,CLAYTON,ROAD, ,6310,MONASH, ,3168,EMR,VIC, 
144.9714358,-37.8145675,121,Melbourne Oral and Facial Surgery,MELBOURNE ORAL FACIAL SURGERY,PRIVATE,63,EXHIBITION,STREET, ,7150,MELBOURNE, ,3000,NWMR,VIC, 
145.1053,-37.8681,122,Skin Cancer Day Surgery,SKIN CANCER DAY SURGERY,PRIVATE,19,CLEVELAND,ROAD, ,6380,MONASH, ,3147,EMR,VIC, 
145.132,-38.146,123,"Southern Eye Centre, Day Surgery & Laser Clinic",SOUTHERN EYE CENTRE,PRIVATE,42-44,CRANBOURNE,ROAD, ,8720,FRANKSTON, ,3199,SMR,VIC, 
144.3662,-38.1491,124,Specialist Surgicentre Geelong,SPECIALIST GEELONG,PRIVATE,200,MALOP,STREET, ,8930,GREATER GEELONG, ,3220,BSW,VIC, 
145.2887737,-37.80898803,125,Marie Stopes International Maroondah,MARIE STOPES - MAROONDAH,PRIVATE,415,DORSET,ROAD, ,7710,MAROONDAH, ,3136,EMR,VIC, 
145.2685,-38.0315,126,The Hampton Park Women's Health Care Centre,HAMPTON PARK WOMENS,PRIVATE,4,WARANA,DRIVE, ,6110,CASEY, ,3976,SMR,VIC, 
144.8951,-37.8005,127,Vision Day Surgery Footscray,VISION DAY SURGERY FOOTSCRAY,PRIVATE,89,PAISLEY,STREET, ,8810,MARIBYRNONG, ,3011,NWMR,VIC, 
144.8338306,-37.71966534,128,Keilor Private,KEILOR PRIVATE,PRIVATE,12A,KENNEDY,STREET, ,7790,BRIMBANK, ,3036,NWMR,VIC, 
144.9915302,-37.91188999,129,Cabrini Brighton,CABRINI HOSPITAL - BRIGHTON,PRIVATE,237-243,NEW,STREET, ,6513,BAYSIDE, ,3186,SMR,VIC, 
145.0101373,-37.8849707,130,Cabrini Hopetoun Rehabilitation,CABRINI REHAB - HOPETOUN,PRIVATE,2-Jun,HOPETOUN,STREET, ,6514,GLEN EIRA, ,3185,SMR,VIC, 
145.0335587,-37.8624645,131,Cabrini Malvern,CABRINI HOSPITAL - MALVERN,PRIVATE,183,WATTLETREE,ROAD, ,6511,STONNINGTON, ,3144,SMR,VIC, 
145.008873,-37.8541202,132,Cabrini Prahran,CABRINI HOSPITAL - PRAHRAN,PRIVATE,646-646A,HIGH,STREET, ,6512,STONNINGTON, ,3181,SMR,VIC, 
145.0093215,-37.88552939,133,Cabrini Health Elsternwick Rehabilitation,CABRINI REHAB - ELSTERNWICK,PRIVATE,494-498,GLEN HUNTLY,ROAD, ,6840,GLEN EIRA, ,3185,SMR,VIC, 
145.1195572,-37.81455357,134,Epworth Eastern,EPWORTH HOSPITAL - EASTERN,PRIVATE,1,ARNOLD,STREET, ,7370,WHITEHORSE, ,3128,EMR,VIC, 
144.8853814,-37.74846709,135,The Essendon Private Hospital,ESSENDON PRIVATE HOSPITAL,PRIVATE,35,ROSEHILL,ROAD, ,6300,MOONEE VALLEY, ,3040,NWMR,VIC, 
145.0188302,-37.86894131,136,Melbourne MediBrain and MediSleep Centre,MELBOURNE MEDIBRAIN CENTRE,PRIVATE,631,INKERMAN,ROAD, ,8420,GLEN EIRA, ,3161,SMR,VIC, 
144.9571,-37.799,137,Melbourne Private Hospital,MELBOURNE PRIVATE HOSPITAL,PRIVATE,1F,ROYAL,PARADE, ,6770,MELBOURNE, ,3052,NWMR,VIC, 
143.8476,-37.5575,138,St John of God Ballarat Hospital,ST JOHN OF GOD - BALLARAT,PRIVATE,101,DRUMMOND,STREET,N,6520,BALLARAT, ,3350,Gram,VIC, 
144.2640013,-36.76207693,139,St John of God Bendigo Hospital,ST JOHN OF GOD - BENDIGO,PRIVATE,133-145,LILY,STREET, ,6030,GREATER BENDIGO, ,3550,LMR,VIC, 
145.3447,-38.0346,140,St John of God Berwick Hospital,ST JOHN OF GOD - BERWICK,PRIVATE,3,GIBB,STREET, ,6080,CASEY, ,3806,SMR,VIC, 
144.3578138,-38.15130066,141,St John of God Geelong Hospital,ST JOHN OF GOD - GEELONG,PRIVATE,80,MYERS,STREET, ,6550,GREATER GEELONG, ,3220,BSW,VIC, 
142.4794,-38.3712,142,St John of God Warrnambool Hospital,ST JOHN OF GOD - WARRNAMBOOL,PRIVATE,136,BOTANIC,ROAD, ,6100,WARRNAMBOOL, ,3280,BSW,VIC, 
145.1563256,-38.15296378,143,St John of God Frankston Rehabilitation Hospital,ST JOHN OF GOD - REHAB,PRIVATE,251-265,CRANBOURNE,ROAD, ,7280,FRANKSTON, ,3199,SMR,VIC, 
144.9985,-37.855,144,The Avenue Hospital,THE AVENUE PRIVATE HOSPITAL,PRIVATE,40,THE AVENUE, , ,6210,STONNINGTON, ,3181,SMR,VIC, 
144.9996505,-37.81476267,145,The Melbourne Clinic,MELBOURNE CLINIC,PRIVATE,130,CHURCH,STREET, ,7290,YARRA, ,3121,NWMR,VIC, 
144.2226728,-37.59918077,146,Ballan District Health & Care,BALLAN BUSH NURSING HOSPITAL,PRIVATE,33,COWIE,STREET, ,6070,MOORABOOL, ,3342,Gram,VIC, 
145.5700935,-36.75917026,147,Euroa Health Inc,EUROA HEALTH,PRIVATE,36,KENNEDY,STREET, ,6170,STRATHBOGIE, ,3666,HUME,VIC, 
146.7836685,-37.9768257,148,Heyfield Hospital Incorporated,HEYFIELD HOSPITAL,PRIVATE,14-16,LICOLA,ROAD, ,7220,WELLINGTON, ,3858,Gipp,VIC, 
145.1501442,-36.78100413,149,Nagambie HealthCare,NAGAMBIE HEALTHCARE,PRIVATE,22,CHURCH,STREET, ,6330,STRATHBOGIE, ,3608,HUME,VIC, 
145.9540862,-38.02207501,150,Neerim District Health Service,NEERIM DISTRICT HEALTH SERVICES,PRIVATE,29-39,MAIN NEERIM,ROAD, ,6350,BAW BAW, ,3831,Gipp,VIC, 
145.3143677,-38.02470988,151,Casey Day Procedure and Specialist Centre,CASEY DAY PROCEDURE,PRIVATE,30-32,VERDUN,DRIVE, ,8450,CASEY, ,3805,SMR,VIC, 
145.0439287,-38.22774301,152,Mornington Endoscopy,MORNINGTON ENDOSCOPY,PRIVATE,350,MAIN,Street, ,7060,MORNINGTON PENINSULA, ,3931,SMR,VIC, 
145.1330654,-38.15441802,153,Frankston Radiation Oncology Centre,FRANKSTON RADIATION ONCOLOGY,PRIVATE,26,FRANKSTON-FLINDERS,ROAD, ,8231,FRANKSTON, ,3199,SMR,VIC, 
145.2435164,-37.81124829,154,Ringwood Radiation Oncology Centre,RINGWOOD RADIATION ONCOLOGY,PRIVATE,36,MT DANDENONG,ROAD, ,8232,MAROONDAH, ,3135,EMR,VIC, 
144.968003,-37.80481219,155,Skin & Cancer Foundation Incorporated,SKIN AND CANCER FOUNDATION,PRIVATE,80,DRUMMOND,STREET, ,7130,MELBOURNE, ,3053,NWMR,VIC, 
145.343015,-38.03277705,156,The Victorian Cosmetic Institute,VICTORIA COSMETIC INST,PRIVATE,1/18-24A,CLYDE,ROAD, ,7330,CASEY, ,3806,SMR,VIC, 
144.8856565,-37.79307482,157,Western Radiation Oncology Centre,WESTERN RADIATION ONCOLOGY,PRIVATE,1-Sep,MARION,STREET, ,8240,MARIBYRNONG, ,3011,NWMR,VIC, 
144.7007566,-37.88703673,158,Wyndham Clinic,WYNDHAM CLINIC,PRIVATE,242A,HOPPERS,LANE, ,7300,WYNDHAM, ,3030,NWMR,VIC, 
145.0092046,-37.65005434,159,Epping Radiation Oncology Centre,EPPING RADIATION ONCOLOGY,PRIVATE,230,COOPER,STREET, ,8230,WHITTLESEA, ,3076,NWMR,VIC, 
145.1664026,-37.83628535,160,Forest Hill Dialysis Clinic,FOREST HILL DIALYSIS,PRIVATE,69,MAHONEYS,ROAD, ,8180,WHITEHORSE, ,3131,EMR,VIC, 
145.0445003,-37.71653676,161,La Trobe Private Hospital,LA TROBE PRIVATE HOSPITAL,PRIVATE,920,PLENTY,ROAD, ,6020,DAREBIN, ,3083,NWMR,VIC, 
143.8519851,-37.5430748,162,Ballarat Surgicentre,BALLARAT SURGICENTRE,PRIVATE,5-Sep,WOOD,STREET, ,8350,BALLARAT, ,3350,Gram,VIC, 
145.3452922,-38.04526109,163,St John of God Berwick Day Oncology Centre,ST JOHN OF GOD - BERWICK ONCOLOGY,PRIVATE,Jan-55,KANGAN,DRIVE, ,6090,CASEY, ,3806,SMR,VIC, 
145.1345672,-38.03371391,164,Chelsea Heights Day Surgery & Endoscopy,CHELSEA HEIGHTS ENDOSCOPY,PRIVATE,93,WELLS,ROAD, ,6120,KINGSTON, ,3196,SMR,VIC, 
144.3049395,-38.19422552,165,Epworth Geelong,EPWORTH HOSPITAL - GEELONG,PRIVATE,1,EPWORTH,PLACE, ,6480,GREATER GEELONG, ,3216,BSW,VIC, 
144.8325251,-37.77769001,166,Dr Scope,DR SCOPE,PRIVATE,493,BALLARAT,ROAD, ,6130,BRIMBANK, ,3020,NWMR,VIC, 
145.1202884,-37.92090583,167,Monash House Private Hospital,MONASH HOUSE PRIVATE HOSPITAL,PRIVATE,271,CLAYTON,ROAD, ,6360,MONASH, ,3168,EMR,VIC, 
142.4740014,-38.38062334,168,South West Regional Cancer Centre,EPWORTH STH WEST REGIONAL CANCER CENTRE,PRIVATE,26,RYOT,STREET, ,6340,WARRNAMBOOL, ,3280,BSW,VIC, 
145.1995792,-37.85856492,169,Vermont Private Hospital,VERMONT PRIVATE HOSPITAL,PRIVATE,645-647,BURWOOD,HWY, ,6370,WHITEHORSE, ,3133,EMR,VIC, 
145.0500685,-37.93540507,170,Holmesglen Private Hospital,HOLMESGLEN PRIVATE HOSPITAL,PRIVATE,488-490,SOUTH,ROAD, ,6440,KINGSTON, ,3189,SMR,VIC, 
144.9822879,-37.80928733,171,Epworth Freemasons,FREEMASONS MEDICAL CENTRE - EAST MLB,PRIVATE,320,VICTORIA,PARADE, ,6470,MELBOURNE, ,3002,NWMR,VIC, 
144.8159972,-37.76104509,172,Fresenius Medical Care Sunshine Dialysis Clinic,FRESENIUS SUNSHINE DIALYSIS,PRIVATE,147-149,FURLONG,ROAD, ,7410,BRIMBANK, ,3021,NWMR,VIC, 
144.9745636,-37.80769738,173,Genesis Care Radiation Oncology Centre St Vincent's Hospital Melbourne,GENESIS CARE ST VINCENTS,PRIVATE,41,VICTORIA,PARADE, ,8234,YARRA, ,3065,NWMR,VIC, 
142.1429,-34.1855,174,Mildura Base Hospital,MILDURA BASE PUBLIC HOSPITAL,PRIVATE,216-240,ONTARIO,AVENUE, ,2320,MILDURA, ,3500,LMR,VIC, 
145.0335987,-37.8623273,175,Genesis Care Radiation Oncology Centre - Cabrini Malvern,GENESIS CARE CABRINI MALVERN,PRIVATE,183,WATTLETREE,ROAD, ,0,STONNINGTON, ,3144,SMR,VIC, 
145.0167,-37.8824,176,Caulfield General Medical Centre,CAULFIELD PUBLIC HOSPITAL,PUBLIC,260,KOOYONG,ROAD, ,1370,Glen Eira (C),CAULFIELD,3162,SMR,VIC,Alfred Health
146.9834,-37.9612,177,Central Gippsland Health Service (Maffra),MAFFRA PUBLIC HOSPITAL,PUBLIC,42-48,KENT,STREET, ,2580,Wellington (S),MAFFRA,3860,Gipp,VIC,Central Gippsland Health Service
147.0808,-38.108,178,Central Gippsland Health Service (Sale),SALE PUBLIC HOSPITAL,PUBLIC,155,GUTHRIDGE,PARADE, ,2060,Wellington (S),SALE,3850,Gipp,VIC,Central Gippsland Health Service
145.6512,-35.9165,179,Cobram District Health,COBRAM PUBLIC HOSPITAL,PUBLIC,24-32,BROADWAY,STREET, ,5120,Moira (S),COBRAM,3644,HUME,VIC,Cobram District Health
144.2147,-35.8003,180,Cohuna District Hospital,COHUNA PUBLIC HOSPITAL,PUBLIC,144-158,KING GEORGE,STREET, ,2130,Gannawarra (S),COHUNA,3568,LMR,VIC,Cohuna District Hospital
143.5839,-38.3415,181,Colac Area Health,COLAC PUBLIC HOSPITAL,PUBLIC,12,CONNOR,STREET, ,1130,Colac-Otway (S),COLAC,3250,BSW,VIC,Colac Area Health
144.9198,-37.5964,182,Craigieburn Health Service,CRAIGIEBURN PUBLIC HOSPITAL,PUBLIC,274-304,CRAIGIEBURN,ROAD, ,3670,Hume (C),CRAIGIEBURN,3064,NWMR,VIC,Northern Health
145.2804,-38.1132,183,Cranbourne Integrated Care Centre,CRANBOURNE PUBLIC HOSPITAL,PUBLIC,140-154,SLADEN,STREET, ,2650,Casey (C),CRANBOURNE,3977,SMR,VIC,Monash Health
145.2185,-37.977,184,Dandenong Hospital,DANDENONG PUBLIC HOSPITAL,PUBLIC,135,DAVID,STREET, ,2111,Greater Dandenong (C),DANDENONG,3175,SMR,VIC,Monash Health
144.9645,-37.7993,185,Royal Dental Hospital (Melbourne),ROYAL DENTAL HOSPITAL,PUBLIC,720,SWANSTON,STREET, ,5110,Melbourne (C),CARLTON,3053,NWMR,VIC,Dental Health Service Victoria
144.4325,-37.6781,186,Djerriwarrh Health Services (Bacchus Marsh),BACCHUS MARSH PUBLIC HOSPITAL,PUBLIC,29-35,GRANT,STREET, ,3020,Moorabool (S),BACCHUS MARSH,3340,Gram,VIC,Djerriwarrh Health Service
142.6315902,-36.6366547,187,West Wimmera Health Service (Rupanyup),RUPANYUP PUBLIC HOSPITAL,PUBLIC,89-91,CROMIE,STREET, ,2210,Yarriambiack (S),RUPANYUP,3388,Gram,VIC,West Wimmera Health Service
142.9323,-37.2787,188,East Grampians Health Service (Ararat),ARARAT PUBLIC HOSPITAL,PUBLIC,Sep-29,GIRDLESTONE,STREET, ,1101,Ararat (RC),ARARAT,3377,Gram,VIC,East Grampians Health Service
142.7459,-37.5451,189,East Grampians Health Service (Willaura),WILLAURA PUBLIC HOSPITAL,PUBLIC,21,DELACOMBE,WAY, ,1102,Ararat (RC),WILLAURA,3379,Gram,VIC,East Grampians Health Service
142.9159,-35.9802,190,East Wimmera Health Service (Birchip),BIRCHIP PUBLIC HOSPITAL,PUBLIC,24-26,DUNCAN,STREET, ,4120,Buloke (S),BIRCHIP,3483,LMR,VIC,East Wimmera Health Service
143.3525055,-36.26923847,191,East Wimmera Health Service (Charlton),CHARLTON PUBLIC HOSPITAL,PUBLIC,4,LEARMONTH,STREET, ,4130,Buloke (S),CHARLTON,3525,LMR,VIC,East Wimmera Health Service
142.9764,-36.3666,192,East Wimmera Health Service (Donald),DONALD PUBLIC HOSPITAL,PUBLIC,1A,AITKEN,AVENUE, ,3190,Buloke (S),DONALD,3480,LMR,VIC,East Wimmera Health Service
143.2465,-36.6094,193,East Wimmera Health Service (St Arnaud),ST ARNAUD PUBLIC HOSPITAL,PUBLIC,52,NORTH WESTERN,ROAD, ,2480,Northern Grampians (S),ST ARNAUD,3478,Gram,VIC,East Wimmera Health Service
143.234,-36.0787,194,East Wimmera Health Service (Wycheproof),WYCHEPROOF PUBLIC HOSPITAL,PUBLIC,19,GRANDVIEW,STREET, ,1560,Buloke (S),WYCHEPROOF,3527,LMR,VIC,East Wimmera Health Service
144.7486,-36.1382,195,Echuca Regional Health,ECHUCA PUBLIC HOSPITAL,PUBLIC,226,SERVICE,STREET, ,2180,Campaspe (S),ECHUCA,3564,LMR,VIC,Echuca Regional Health
141.2891,-37.0352,196,Edenhope & District Hospital,EDENHOPE PUBLIC HOSPITAL,PUBLIC,124-134,ELIZABETH,STREET, ,3240,West Wimmera (S),EDENHOPE,3318,Gram,VIC,Edenhope & District Hospital
145.1293,-38.1509,197,Frankston Hospital,FRANKSTON PUBLIC HOSPITAL,PUBLIC,2,HASTINGS,ROAD, ,2220,Frankston (C),FRANKSTON,3199,SMR,VIC,Peninsula Health
145.8285,-38.4304,198,Gippsland Southern Health Service (Korumburra),KORUMBURRA PUBLIC HOSPITAL,PUBLIC,65-77,BRIDGE,STREET, ,2251,South Gippsland (S),KORUMBURRA,3950,Gipp,VIC,Gippsland Southern Health Service
145.9501,-38.4873,199,Gippsland Southern Health Service (Leongatha),LEONGATHA PUBLIC HOSPITAL,PUBLIC,64,KOONWARRA,ROAD, ,2252,South Gippsland (S),LEONGATHA,3953,Gipp,VIC,Gippsland Southern Health Service
145.4042,-36.3631,200,Shepparton Hospital,GOULBURN VALLEY HEALTH,PUBLIC,Feb-48,GRAHAM,STREET, ,1121,Greater Shepparton (C),SHEPPARTON,3630,HUME,VIC,Goulburn Valley Health
145.2253,-36.4393,201,Tatura Public Hospital,TATURA PUBLIC HOSPITAL,PUBLIC,64-68,PARK,STREET, ,1122,Greater Shepparton (C),TATURA,3616,HUME,VIC,Goulburn Valley Health
145.0085,-36.5879,202,Waranga Memorial Hospital,RUSHWORTH PUBLIC HOSPITAL,PUBLIC,14,COYLE,STREET, ,1123,Campaspe (S),RUSHWORTH,3612,LMR,VIC,Goulburn Valley Health
145.7161,-37.1953,203,Alexandra District Hospital,ALEXANDRA PUBLIC HOSPITAL,PUBLIC,12,COOPER,STREET, ,3010,Murrindindi (S),ALEXANDRA,3714,HUME,VIC,Alexandra District Hospital
146.9661,-36.733,204,Alpine Health (Bright),BRIGHT PUBLIC HOSPITAL,PUBLIC,36-42,COBDEN,STREET, ,1882,Alpine (S),BRIGHT,3741,HUME,VIC,Alpine Health
147.1694,-36.7433,205,Alpine Health (Mount Beauty),MOUNT BEAUTY PUBLIC HOSPITAL,PUBLIC,2-Aug,HOLLONDS,STREET, ,1883,Alpine (S),MOUNT BEAUTY,3699,HUME,VIC,Alpine Health
146.7291,-36.5544,206,Alpine Health (Myrtleford),MYRTLEFORD PUBLIC HOSPITAL,PUBLIC,30-32,ODONNELL,AVENUE, ,1881,Alpine (S),MYRTLEFORD,3737,HUME,VIC,Alpine Health
145.3136,-37.8987,207,Angliss Hospital,ANGLISS PUBLIC HOSPITAL,PUBLIC,39,ALBERT,STREET, ,1590,Knox (C),UPPER FERNTREE GULLY,3156,EMR,VIC,Eastern Health
145.0604,-37.7565,208,Austin Hospital,AUSTIN PUBLIC HOSPITAL,PUBLIC,145,STUDLEY,ROAD, ,1031,Banyule (C),HEIDELBERG,3084,NWMR,VIC,Austin Health
145.0474,-37.7561,209,Heidelberg Repatriation Hospital,HEIDELBERG REPAT HOSPITAL,PUBLIC,300,WATERDALE,ROAD, ,1032,Banyule (C),HEIDELBERG HEIGHTS,3081,NWMR,VIC,Austin Health
147.6083,-37.8317,210,Bairnsdale Regional Health Service,BAIRNSDALE PUBLIC HOSPITAL,PUBLIC,122,DAY,STREET, ,1040,East Gippsland (S),BAIRNSDALE,3875,Gipp,VIC,Bairnsdale Regional Health Service
143.8474,-37.5587,211,Ballarat Hospital,BALLARAT BASE PUBLIC HOSPITAL,PUBLIC,1,DRUMMOND,STREET,N,2010,Ballarat (C),BALLARAT CENTRAL,3350,Gram,VIC,Ballarat Health Services
143.8419,-37.5639,212,"Queen Elizabeth Centre, The (Ballarat QEC)",QUEEN ELIZABETH - BALLARAT,PUBLIC,102,ASCOT,STREET,S,2070,Ballarat (C),BALLARAT CENTRAL,3350,Gram,VIC,Ballarat Health Services
144.3654,-38.1512,213,University Hospital Geelong,GEELONG UNIVERSITY PUBLIC HOSPITAL,PUBLIC,272-322,RYRIE,STREET, ,2050,Greater Geelong (C),GEELONG,3220,BSW,VIC,Barwon Health
144.336,-38.1193,214,McKellar Centre (Geelong),GRACE MCKELLAR CENTRE,PUBLIC,45-99,BALLARAT,ROAD, ,3040,Greater Geelong (C),NORTH GEELONG,3215,BSW,VIC,Barwon Health
145.5809,-38.6082,215,Bass Coast Health,WONTHAGGI PUBLIC HOSPITAL,PUBLIC,235,GRAHAM,STREET, ,1670,Bass Coast (S),WONTHAGGI,3995,Gipp,VIC,Bass Coast Health
143.3822,-37.4308,216,Beaufort & Skipton Health Service (Beaufort),BEAUFORT PUBLIC HOSPITAL,PUBLIC,24-28,HAVELOCK,STREET, ,3120,Pyrenees (S),BEAUFORT,3373,Gram,VIC,Beaufort & Skipton Health Service
143.3676,-37.6842,217,Beaufort & Skipton Health Service (Skipton),SKIPTON PUBLIC HOSPITAL,PUBLIC,2,BLAKE,STREET, ,2230,Corangamite (S),SKIPTON,3361,BSW,VIC,Beaufort & Skipton Health Service
146.6914,-36.3495,218,Beechworth Health Service,BEECHWORTH PUBLIC HOSPITAL,PUBLIC,52,SYDNEY,ROAD, ,4460,Indigo (S),BEECHWORTH,3747,HUME,VIC,Beechworth Health Service
145.9935,-36.5549,219,Benalla Health,BENALLA PUBLIC HOSPITAL,PUBLIC,47-63,COSTER,STREET, ,4050,Benalla (RC),BENALLA,3672,HUME,VIC,Benalla Health
144.28,-36.7513,220,Bendigo Health (Anne Caudle),BENDIGO PUBLIC HOSPITAL,PUBLIC,100A,BARNARD,STREET, ,1022,Greater Bendigo (C),BENDIGO,3550,LMR,VIC,Bendigo Health Care Group
144.2829,-36.7487,221,"Bendigo Hospital, The",BENDIGO BASE PUBLIC HOSPITAL,PUBLIC,62,LUCAN,STREET, ,1021,Greater Bendigo (C),BENDIGO,3550,LMR,VIC,Bendigo Health Care Group
143.7273,-36.112,222,Boort District Health,BOORT PUBLIC HOSPITAL,PUBLIC,31,KINIRY,STREET, ,3060,Loddon (S),BOORT,3537,LMR,VIC,Boort District Health
145.1183651,-37.81391215,223,Box Hill Hospital,BOX HILL PUBLIC HOSPITAL,PUBLIC,8,ARNOLD,STREET, ,1050,Whitehorse (C),BOX HILL,3128,EMR,VIC,Eastern Health
144.9134,-37.6842,224,Broadmeadows Health Service,BROADMEADOWS HEALTH SERVICE,PUBLIC,35-57,JOHNSTONE,STREET, ,2970,Hume (C),JACANA,3047,NWMR,VIC,Northern Health
145.0548,-37.7011,225,Bundoora Extended Care Centre,BUNDOORA EXTENDED CARE,PUBLIC,1231,PLENTY,ROAD, ,1090,Darebin (C),BUNDOORA,3083,NWMR,VIC,Northern Health
145.0132,-37.8968,226,Calvary Health Care Bethlehem,CALVARY PUBLIC HOSPITAL,PUBLIC,476-482,KOOYONG,ROAD, ,3050,Glen Eira (C),CAULFIELD SOUTH,3162,SMR,VIC,Calvary Health Care Bethlehem
145.0158,-37.805,227,Caritas Christi Hospice Ltd,CARITAS CHRISTI HOSPICE,PUBLIC,104,STUDLEY PARK,ROAD, ,2080,Boroondara (C),KEW,3101,EMR,VIC,St Vincents Health
145.347,-38.045,228,Casey Hospital,CASEY PUBLIC HOSPITAL,PUBLIC,62-70,KANGAN,DRIVE, ,3660,Casey (C),BERWICK,3806,SMR,VIC,Monash Health
141.3928,-37.5903,229,Casterton Memorial Hospital,CASTERTON PUBLIC HOSPITAL,PUBLIC,63,RUSSELL,STREET, ,2090,Glenelg (S),CASTERTON,3311,BSW,VIC,Casterton Memorial Hospital
145.5288,-37.6469,230,Healesville and District Hospital,HEALESVILLE PUBLIC HOSPITAL,PUBLIC,377,MAROONDAH,HIGHWAY, ,3330,Yarra Ranges (S),HEALESVILLE,3777,EMR,VIC,Eastern Health
143.8917,-37.4206,231,Creswick District Hospital,CRESWICK PUBLIC HOSPITAL,PUBLIC,1,NAPIER,STREET, ,4162,Hepburn (S),CRESWICK,3363,Gram,VIC,Hepburn Health Service
144.1455,-37.3376,232,Daylesford District Hospital,DAYLESFORD PUBLIC HOSPITAL,PUBLIC,15,HOSPITAL,STREET, ,4161,Hepburn (S),DAYLESFORD,3460,Gram,VIC,Hepburn Health Service
143.9842,-38.2431,233,Hesse Rural Health Service (Winchelsea),WINCHELSEA PUBLIC HOSPITAL,PUBLIC,8,GOSNEY,STREET, ,1500,Surf Coast (S),WINCHELSEA,3241,BSW,VIC,Hesse Rural Health Service
141.6246,-38.1379,234,Heywood Rural Health,HEYWOOD PUBLIC HOSPITAL,PUBLIC,21,BARCLAY,STREET, ,2350,Glenelg (S),HEYWOOD,3304,BSW,VIC,Heywood Rural Health
143.8734,-36.5723,235,Inglewood and Districts Health Service,INGLEWOOD PUBLIC HOSPITAL,PUBLIC,3,HOSPITAL,STREET, ,3370,Loddon (S),INGLEWOOD,3517,LMR,VIC,Inglewood & Districts Health Service
143.9176,-35.7242,236,Kerang District Health,KERANG PUBLIC HOSPITAL,PUBLIC,13-15,BURGOYNE,STREET, ,2240,Gannawarra (S),KERANG,3579,LMR,VIC,Kerang District Health
144.9581,-37.3018,237,Kilmore and District Hospital,KILMORE PUBLIC HOSPITAL,PUBLIC,1,ANDERSON,ROAD, ,3460,Mitchell (S),KILMORE,3764,HUME,VIC,"Kilmore & District Hospital, The"
145.0799,-37.9544,238,Kingston Centre,KINGSTON CENTRE HOSPITAL,PUBLIC,400,WARRIGAL,ROAD, ,2030,Kingston (C),HEATHERTON,3202,SMR,VIC,Monash Health
145.4849499,-38.20156167,239,Kooweerup Regional Health Service,KOO WEE RUP PUBLIC HOSPITAL,PUBLIC,215,ROSSITER,ROAD, ,1480,Cardinia (S),KOO WEE RUP,3981,SMR,VIC,Kooweerup Regional Health Service
145.0422,-36.3153,240,Kyabram and District Health Services,KYABRAM PUBLIC HOSPITAL,PUBLIC,86-96,FENAUGHTY,STREET, ,1260,Campaspe (S),KYABRAM,3620,LMR,VIC,Kyabram & District Health Services
144.4701,-37.2545,241,Kyneton District Health Service,KYNETON PUBLIC HOSPITAL,PUBLIC,Jul-25,CAROLINE CHISHOLM,DRIVE, ,1270,Macedon Ranges (S),KYNETON,3444,LMR,VIC,Kyneton District Health Service
146.4714,-38.2188,242,Latrobe Regional Hospital,LATROBE REGIONAL HOSPITAL,PUBLIC,10,VILLAGE,AVENUE, ,2440,Latrobe (C),TRARALGON,3844,Gipp,VIC,Latrobe Regional Hospital
143.9808,-38.5455,243,Lorne Community Hospital,LORNE PUBLIC HOSPITAL,PUBLIC,1,ALBERT,STREET, ,2550,Surf Coast (S),LORNE,3232,BSW,VIC,Lorne Community Hospital
144.064,-36.9927,244,Maldon Hospital,MALDON PUBLIC HOSPITAL,PUBLIC,1,CHAPEL,STREET, ,2590,Mount Alexander (S),MALDON,3463,LMR,VIC,Maldon Hospital
142.3131,-35.0745,245,Mallee Track Health and Community Service (Ouyen),OUYEN PUBLIC HOSPITAL,PUBLIC,28,BRITT,STREET, ,2390,Mildura (RC),OUYEN,3490,LMR,VIC,Mallee Track Health & Community Service
142.8808,-35.051,246,Robinvale District Health Services (Managatang),MANANGATANG PUBLIC HOSPITAL,PUBLIC,37-39,PIONEER,STREET, ,2660,Swan Hill (RC),MANANGATANG,3546,LMR,VIC,Robinvale District Health Services
146.0865084,-37.05760484,247,Mansfield District Hospital,MANSFIELD PUBLIC HOSPITAL,PUBLIC,51-53,HIGHETT,STREET, ,2670,Mansfield (S),MANSFIELD,3722,HUME,VIC,Mansfield District Hospital
145.2554,-37.807,248,Maroondah Hospital,MAROONDAH PUBLIC HOSPITAL,PUBLIC,Jan-15,DAVEY,DRIVE, ,1210,Maroondah (C),RINGWOOD EAST,3135,EMR,VIC,Eastern Health
143.7352,-36.8554,249,Maryborough District Health Service (Dunolly),DUNOLLY PUBLIC HOSPITAL,PUBLIC,20,HAVELOCK,STREET, ,1352,Central Goldfields (S),DUNOLLY,3472,LMR,VIC,Maryborough District Health Service
143.7383,-37.0451,250,Maryborough District Health Service (Maryborough),MARYBOROUGH PUBLIC HOSPITAL,PUBLIC,75,CLARENDON,STREET, ,1351,Central Goldfields (S),MARYBOROUGH,3465,LMR,VIC,Maryborough District Health Service
144.7097,-36.9261,251,Heathcote Health,HEATHCOTE PUBLIC HOSPITAL,PUBLIC,39-55,HOSPITAL,STREET, ,1340,Greater Bendigo (C),HEATHCOTE,3523,LMR,VIC,Heathcote Health
144.559,-37.6865,252,Melton Health,MELTON WEST PUBLIC HOSPITAL,PUBLIC,195-209,BARRIES,ROAD, ,3680,Melton (S),MELTON WEST,3337,NWMR,VIC,Djerriwarrh Health Service
145.0609,-37.7563,253,Mercy Hospital for Women,MERCY WOMENS HOSPITAL,PUBLIC,163,STUDLEY,ROAD, ,1160,Banyule (C),HEIDELBERG,3084,NWMR,VIC,Mercy Public Hospitals Inc
142.1429,-34.1855,254,Mildura Base Hospital,MILDURA BASE PUBLIC HOSPITAL,PUBLIC,216-240,ONTARIO,AVENUE, ,2320,Mildura (RC),MILDURA,3500,LMR,VIC,Mildura Base Hospital
145.1224,-37.9205,255,Monash Medical Centre (Clayton),MONASH MEDICAL - CLAYTON,PUBLIC,246,CLAYTON,ROAD, ,1170,Monash (C),CLAYTON,3168,EMR,VIC,Monash Health
145.0635,-37.9209,256,Monash Medical Centre (Moorabbin),MONASH MEDICAL - MOORABBIN,PUBLIC,823-865,CENTRE,ROAD, ,1220,Glen Eira (C),BENTLEIGH EAST,3165,SMR,VIC,Monash Health
142.2271,-38.3815,257,Moyne Health Services (Port Fairy),PORT FAIRY PUBLIC HOSPITAL,PUBLIC,32,VILLIERS,STREET, ,2450,Moyne (S),PORT FAIRY,3284,BSW,VIC,Moyne Health Services
144.2121,-37.0526,258,Castlemaine Health,CASTLEMAINE PUBLIC HOSPITAL,PUBLIC,142,CORNISH,STREET, ,5010,Mount Alexander (S),CASTLEMAINE,3450,LMR,VIC,Castlemaine Health
145.1977,-36.0572,259,Nathalia District Hospital,NATHALIA PUBLIC HOSPITAL,PUBLIC,36-44,MCDONELL,STREET, ,4010,Moira (S),NATHALIA,3638,HUME,VIC,Nathalia District Hospital
146.3143,-36.3543,260,Northeast Health Wangaratta,WANGARATTA BASE HOSPITAL,PUBLIC,35-47,GREEN,STREET, ,1150,Wangaratta (RC),WANGARATTA,3677,HUME,VIC,Northeast Health Wangaratta
145.4438,-36.1,261,Numurkah District Health Service,NUMURKAH PUBLIC HOSPITAL,PUBLIC,2,KATAMATITE-NATHALIA,ROAD, ,3030,Moira (S),NUMURKAH,3636,HUME,VIC,Numurkah & District Health Service
145.0618,-37.8163,262,O'Connell Family Centre,CANTERBURY PUBLIC HOSPITAL,PUBLIC,6,MONT ALBERT,ROAD, ,2100,Boroondara (C),CANTERBURY,3126,EMR,VIC,Mercy Health
147.5972,-37.0981,263,Omeo District Health,OMEO PUBLIC HOSPITAL,PUBLIC,10,EASTON,STREET, ,2040,East Gippsland (S),OMEO,3898,Gipp,VIC,Omeo District Health
148.4656,-37.7017,264,Orbost Regional Health,ORBOST PUBLIC HOSPITAL,PUBLIC,104,BOUNDARY,ROAD, ,5050,East Gippsland (S),ORBOST,3888,Gipp,VIC,Orbost Regional Health
143.6646,-38.7539,265,Otway Health,APOLLO BAY PUBLIC HOSPITAL,PUBLIC,75,MCLACHLAN,STREET, ,2020,Colac-Otway (S),APOLLO BAY,3233,BSW,VIC,Otway Health
145.164,-37.8524,266,"Peter James Centre, The",PETER JAMES CENTRE,PUBLIC,321-345,BURWOOD,HIGHWAY, ,2120,Whitehorse (C),FOREST HILL,3131,EMR,VIC,Eastern Health
144.9566333,-37.79999855,267,Peter MacCallum Cancer Centre,PETER MACCALLUM CANCER INSTITUTE,PUBLIC,305,GRATTAN,STREET, ,1550,Melbourne (C),MELBOURNE,3000,NWMR,VIC,Peter MacCallum Cancer Centre
141.6062,-38.3412,268,Portland District Health,PORTLAND PUBLIC HOSPITAL,PUBLIC,141-151,BENTINCK,STREET, ,2460,Glenelg (S),PORTLAND,3305,BSW,VIC,Portland District Health
145.1783,-37.9722,269,"Queen Elizabeth Centre, The",QUEEN ELIZABETH - NOBLE PARK,PUBLIC,37-53,THOMAS,STREET, ,3110,Greater Dandenong (C),NOBLE PARK,3174,SMR,VIC,Queen Elizabeth Centre
142.782,-34.5845,270,"Robinvale District Health Services, Robinvale",ROBINVALE PUBLIC HOSPITAL,PUBLIC,128-132,LATJE,ROAD, ,3130,Swan Hill (RC),ROBINVALE,3549,LMR,VIC,Robinvale District Health Services
144.6978,-36.3665,271,Rochester and Elmore District Health Service,ROCHESTER PUBLIC HOSPITAL,PUBLIC,1,PASCOE,STREET, ,3140,Campaspe (S),ROCHESTER,3561,LMR,VIC,Rochester & Elmore District Health Service
144.8846,-38.3619,272,Rosebud Hospital,ROSEBUD PUBLIC HOSPITAL,PUBLIC,1527,POINT NEPEAN,ROAD, ,1250,Mornington Peninsula (S),CAPEL SOUND,3940,SMR,VIC,Peninsula Health
144.9559,-37.7992,273,Royal Melbourne Hospital,ROYAL MELBOURNE HOSPITAL,PUBLIC,300,GRATTAN,STREET, ,1334,Melbourne (C),PARKVILLE,3052,NWMR,VIC,Melbourne Health
144.9488,-37.7783,274,Royal Melbourne Hospital (Royal Park Campus),MELBOURNE EXTENDED CARE,PUBLIC,34-56,POPLAR,ROAD, ,1335,Melbourne (C),PARKVILLE,3052,NWMR,VIC,Melbourne Health
145.0238,-37.7893,275,Royal Talbot Rehabilitation Centre,ROYAL TALBOT REHABILITATION,PUBLIC,1,YARRA,BOULEVARD, ,3220,Boroondara (C),KEW,3101,EMR,VIC,Austin Health
142.3669,-35.7326,276,Rural Northwest Health (Hopetoun),HOPETOUN PUBLIC HOSPITAL,PUBLIC,12,MITCHELL,PLACE, ,1572,Yarriambiack (S),HOPETOUN,3396,Gram,VIC,Rural Northwest Health
142.3821,-36.2528,277,Rural Northwest Health (Warracknabeal),WARRACKNABEAL PUBLIC HOSPITAL,PUBLIC,18,DIMBOOLA,ROAD, ,1571,Yarriambiack (S),WARRACKNABEAL,3393,Gram,VIC,Rural Northwest Health
145.0185,-37.961,278,Sandringham & District Memorial Hospital,SANDRINGHAM PUBLIC HOSPITAL,PUBLIC,191-193,BLUFF,ROAD, ,1360,Bayside (C),SANDRINGHAM,3191,SMR,VIC,Alfred Health
145.1386,-37.0185,279,Seymour Health,SEYMOUR PUBLIC HOSPITAL,PUBLIC,1,BRETONNEUX,STREET, ,2190,Mitchell (S),SEYMOUR,3660,HUME,VIC,Seymour District Memorial Hospital
146.2062,-38.6587,280,South Gippsland Hospital (Foster),FOSTER PUBLIC HOSPITAL,PUBLIC,83,STATION,ROAD, ,4240,South Gippsland (S),FOSTER,3960,Gipp,VIC,South Gippsland Hospital
143.1379,-38.2371,281,South West Healthcare (Camperdown),CAMPERDOWN PUBLIC HOSPITAL,PUBLIC,9,ROBINSON,STREET, ,3080,Corangamite (S),CAMPERDOWN,3260,BSW,VIC,South West Healthcare
142.4728,-38.3804,282,South West Healthcare (Warrnambool),WARRNAMBOOL PUBLIC HOSPITAL,PUBLIC,25,RYOT,STREET, ,2160,Warrnambool (C),WARRNAMBOOL,3280,BSW,VIC,South West Healthcare
145.0532,-37.8092,283,St George's Health Service (Aged Care),ST GEORGES HEALTH SERVICE,PUBLIC,283,COTHAM,ROAD, ,1700,Boroondara (C),KEW,3101,EMR,VIC,St Vincents Health
144.9751,-37.8068,284,St Vincent's Hospital,ST VINCENTS PUBLIC HOSPITAL,PUBLIC,41,VICTORIA,PARADE, ,1450,Yarra (C),FITZROY,3065,NWMR,VIC,St Vincents Health
142.7814,-37.0594,285,Stawell Regional Health,STAWELL PUBLIC HOSPITAL,PUBLIC,27-29,SLOANE,STREET, ,2260,Northern Grampians (S),STAWELL,3380,Gram,VIC,Stawell Regional Health
144.816,-37.7599,286,Sunshine Hospital,WESTERN HOSPITAL - SUNSHINE,PUBLIC,176-190,FURLONG,ROAD, ,1390,Brimbank (C),ST ALBANS,3021,NWMR,VIC,Western Health
143.5566,-35.3406,287,Swan Hill District Health (Swan Hill),SWAN HILL PUBLIC HOSPITAL,PUBLIC,50-54,SPLATT,STREET, ,1491,Swan Hill (RC),SWAN HILL,3585,LMR,VIC,Swan Hill District Health
147.1839,-36.2138,288,Tallangatta Health Service,TALLANGATTA PUBLIC HOSPITAL,PUBLIC,25,BARREE,STREET, ,1290,Towong (S),TALLANGATTA,3700,HUME,VIC,Tallangatta Health Service
142.9024,-38.2394,289,Terang and Mortlake Health Service (Terang),TERANG PUBLIC HOSPITAL,PUBLIC,13,AUSTIN,AVENUE, ,3350,Corangamite (S),TERANG,3264,BSW,VIC,Terang & Mortlake Health Service
144.9821,-37.8456,290,The Alfred,ALFRED PUBLIC HOSPITAL,PUBLIC,55,COMMERCIAL,ROAD, ,1010,Melbourne (C),MELBOURNE,3004,NWMR,VIC,Alfred Health
145.0151,-37.6526,291,The Northern Hospital,NORTHERN PUBLIC HOSPITAL,PUBLIC,185,COOPER,STREET, ,1280,Whittlesea (C),EPPING,3076,NWMR,VIC,Northern Health
144.9489,-37.794,292,"Royal Children's Hospital, The",ROYAL CHILDRENS HOSPITAL,PUBLIC,50,FLEMINGTON,ROAD, ,1191,Melbourne (C),PARKVILLE,3052,NWMR,VIC,Royal Childrens Hospital
144.9761,-37.8088,293,Royal Victorian Eye and Ear Hospital,ROYAL VIC EYE AND EAR,PUBLIC,32,GISBORNE,STREET, ,1240,Melbourne (C),EAST MELBOURNE,3002,NWMR,VIC,Royal Victorian Eye & Ear Hospital
144.9551722,-37.79915699,294,"Royal Women's Hospital, The",ROYAL WOMENS PUBLIC HOSPITAL,PUBLIC,20,FLEMINGTON,ROAD, ,1230,Melbourne (C),PARKVILLE,3052,NWMR,VIC,Royal Womens Hospital
142.9766,-38.4865,295,Timboon and District Healthcare Service,TIMBOON PUBLIC HOSPITAL,PUBLIC,21,HOSPITAL,ROAD, ,2360,Corangamite (S),TIMBOON,3268,BSW,VIC,Timboon & District Healthcare Service
144.8876,-37.7974,296,Tweddle Child and Family Health Service,TWEDDLE CHILD FAMILY HOSPITAL,PUBLIC,49-71,ADELAIDE,STREET, ,1900,Maribyrnong (C),FOOTSCRAY,3011,NWMR,VIC,Tweddle Child & Family Health Centre
147.9032,-36.1988,297,Upper Murray Health and Community Services (Corryong),CORRYONG PUBLIC HOSPITAL,PUBLIC,16-20,KIELL,STREET, ,2150,Towong (S),CORRYONG,3707,HUME,VIC,Upper Murray Health & Community Services
145.2262,-37.8482,298,Wantirna Health,WANTIRNA PUBLIC HOSPITAL,PUBLIC,251,MOUNTAIN,HIGHWAY, ,2330,Knox (C),WANTIRNA,3152,EMR,VIC,Eastern Health
144.6992,-37.8858,299,Mercy Public Hospitals Inc (Werribee),WERRIBEE MERCY HOSPITAL,PUBLIC,300-310,PRINCES,HIGHWAY, ,1320,Wyndham (C),WERRIBEE,3030,NWMR,VIC,Mercy Public Hospitals Inc
145.9275,-38.1728,300,West Gippsland Healthcare Group (Warragul),WARRAGUL PUBLIC HOSPITAL,PUBLIC,41,LANDSBOROUGH,STREET, ,1580,Baw Baw (S),WARRAGUL,3820,Gipp,VIC,West Gippsland Healthcare Group
141.9844,-36.1409,301,West Wimmera Health Service (Jeparit),JEPARIT PUBLIC HOSPITAL,PUBLIC,2,CHARLES,STREET, ,2373,Hindmarsh (S),JEPARIT,3423,Gram,VIC,West Wimmera Health Service
141.246,-36.3815,302,West Wimmera Health Service (Kaniva),KANIVA PUBLIC HOSPITAL,PUBLIC,1-Jul,ROACHE,STREET, ,2372,West Wimmera (S),KANIVA,3419,Gram,VIC,West Wimmera Health Service
141.6561,-36.3339,303,West Wimmera Health Service (Nhill),NHILL PUBLIC HOSPITAL,PUBLIC,51,NELSON,STREET, ,2371,Hindmarsh (S),NHILL,3418,Gram,VIC,West Wimmera Health Service
141.9951,-35.9041,304,West Wimmera Health Service (Rainbow),RAINBOW PUBLIC HOSPITAL,PUBLIC,2,SWINBOURNE,AVENUE, ,2374,Hindmarsh (S),RAINBOW,3424,Gram,VIC,West Wimmera Health Service
142.0301,-37.7373,305,Hamilton Base Hospital,HAMILTON BASE PUBLIC HOSPITAL,PUBLIC,20,FOSTER,STREET, ,1071,Southern Grampians (S),HAMILTON,3300,BSW,VIC,Western District Health Service
142.2825,-37.8772,306,Penshurst & District Memorial Hospital,PENSHURST PUBLIC HOSPITAL,PUBLIC,146,COBB,STREET, ,1072,Southern Grampians (S),PENSHURST,3289,BSW,VIC,Western District Health Service
141.6925,-37.5998,307,Western District Health Service (Coleraine),COLERAINE PUBLIC HOSPITAL,PUBLIC,71,MCLEOD,STREET, ,2140,Southern Grampians (S),COLERAINE,3315,BSW,VIC,Western District Health Service
144.8874,-37.7924,308,Western Hospital (Footscray),WESTERN HOSPITAL - FOOTSCRAY,PUBLIC,160,GORDON,STREET, ,1180,Maribyrnong (C),FOOTSCRAY,3011,NWMR,VIC,Western Health
144.8928,-37.8636,309,Williamstown Hospital,WILLIAMSTOWN PUBLIC HOSPITAL,PUBLIC,76A,RAILWAY,CRESCENT, ,1460,Hobsons Bay (C),WILLIAMSTOWN,3016,NWMR,VIC,Western Health
142.0242,-36.4497,310,Wimmera Base Hospital (Dimboola),DIMBOOLA PUBLIC HOSPITAL,PUBLIC,32,ANDERSON,STREET, ,3180,Hindmarsh (S),DIMBOOLA,3414,Gram,VIC,Wimmera Health Care Group
142.2092,-36.7119,311,Wimmera Base Hospital (Horsham),HORSHAM PUBLIC HOSPITAL,PUBLIC,83,BAILLIE,STREET, ,2170,Horsham (RC),HORSHAM,3400,Gram,VIC,Wimmera Health Care Group
146.8795,-36.1318,312,Albury Wodonga Health (Wodonga),WODONGA PUBLIC HOSPITAL,PUBLIC,53-81,VERMONT,STREET, ,1660,Wodonga (RC),WODONGA,3690,HUME,VIC,Albury Wodonga Health
146.6781,-38.5571,313,Yarram and District Health Service,YARRAM PUBLIC HOSPITAL,PUBLIC,85-91,COMMERCIAL,ROAD, ,1770,Wellington (S),YARRAM,3971,Gipp,VIC,Yarram & District Health Service
146.0068327,-36.01119805,314,Yarrawonga Health,YARRAWONGA PUBLIC HOSPITAL,PUBLIC,33,PIPER,STREET, ,1780,Moira (S),YARRAWONGA,3730,HUME,VIC,Yarrawonga District Health Service
145.4313,-37.2139,315,Yea and District Memorial Hospital,YEA PUBLIC HOSPITAL,PUBLIC,45,STATION,STREET, ,3590,Murrindindi (S),YEA,3717,HUME,VIC,Yea & District Memorial Hospital
145.3514,-37.7566,316,Yarra Ranges Health,LILYDALE PUBLIC HOSPITAL,PUBLIC,25,MARKET,STREET, ,3690,Yarra Ranges (S),LILYDALE,3140,EMR,VIC,Eastern Health
145.1496,-38.1728,317,Golf Links Road Rehabilitation Centre,MOUNT ELIZA REHAB - FRANKSTON,PUBLIC,125,GOLF LINKS,ROAD, ,4083,Frankston (C),FRANKSTON,3199,SMR,VIC,Peninsula Health
145.0416,-38.2301,318,The Mornington Centre,MOUNT ELIZA REHAB - MORNINGTON,PUBLIC,24,SEPARATION,STREET, ,4084,Mornington Peninsula (S),MORNINGTON,3931,SMR,VIC,Peninsula Health
144.7327,-37.5772,319,Sunbury Day Hospital,SUNBURY PUBLIC HOSPITAL,PUBLIC,7,MACEDON,STREET, ,2700,Hume (C),SUNBURY,3429,NWMR,VIC,Western Health
146.9397,-36.0785,320,Albury Wodonga Health (Albury),ALBURY BASE PUBLIC HOSPITAL,PUBLIC,201,BORELLA,ROAD, ,1650,Albury (C),EAST ALBURY (NSW),2640, ,NSW,Albury Wodonga Health
142.8577,-35.5005,321,Mallee Track Health & Community Service (Sea Lake),SEA LAKE AND DISTRICT HOSPITAL,PUBLIC,33-43,MCCLELLAND,AVENUE, ,7270,Buloke (S),SEA LAKE,3533,LMR,VIC,Mallee Track Health & Community Service
144.8871,-37.7911,322,Orygen Inpatient Unit,ORYGEN YOUTH HEALTH,PUBLIC,10,MAVIS,STREET, ,1332,Maribyrnong (C),FOOTSCRAY,3011,NWMR,VIC,Melbourne Health
145.0185,-37.961,323,Women's Sandringham,SANDRINGHAM WOMENS,PUBLIC,191-193,BLUFF,ROAD, ,1232,Bayside (C),SANDRINGHAM,3191,SMR,VIC,Royal Womens Hospital
144.8869764,-37.79162173,324,Ursula Frayne Centre,URSULA FRAYNE CENTRE,PUBLIC,160,GORDON,STREET, ,1321,Maribyrnong (C),FOOTSCRAY,3011,NWMR,VIC,Mercy Public Hospitals Inc
144.9773802,-37.81187259,325,Eye and Ear on the Park,EYE AND EAR ON THE PARK,PUBLIC,2,ST ANDREWS,PLACE, ,1240,Melbourne (C),EAST MELBOURNE,3002,NWMR,VIC,Royal Victorian Eye & Ear Hospital
